{"mean":{"confidence_interval":{"confidence_level":0.95,"lower_bound":-0.01970368185254851,"upper_bound":-0.006784527589418403},"point_estimate":-0.012790643046751371,"standard_error":0.0033101352297505438},"median":{"confidence_interval":{"confidence_level":0.95,"lower_bound":-0.015560234690671582,"upper_bound":0.0037320484150447086},"point_estimate":-0.0025197468652147226,"standard_error":0.005520740662942716}}