{"mean":{"confidence_interval":{"confidence_level":0.95,"lower_bound":0.0016988514878505335,"upper_bound":0.006420211870540176},"point_estimate":0.003463971376112207,"standard_error":0.0012446068386028181},"median":{"confidence_interval":{"confidence_level":0.95,"lower_bound":0.0009597248855247101,"upper_bound":0.002022100089726697},"point_estimate":0.0014641687782452895,"standard_error":0.0002823067624570978}}