{"mean":{"confidence_interval":{"confidence_level":0.95,"lower_bound":0.000984215108613018,"upper_bound":0.003791682187162648},"point_estimate":0.0024103529941583712,"standard_error":0.0007200893781321597},"median":{"confidence_interval":{"confidence_level":0.95,"lower_bound":0.0012652436373672415,"upper_bound":0.003974036110552692},"point_estimate":0.003096331359875304,"standard_error":0.0006952131131433071}}