{"mean":{"confidence_interval":{"confidence_level":0.95,"lower_bound":-0.0041938959259827015,"upper_bound":-0.0026731472266261526},"point_estimate":-0.003543056518629406,"standard_error":0.0004021596136229907},"median":{"confidence_interval":{"confidence_level":0.95,"lower_bound":-0.004214686103391818,"upper_bound":-0.00344603647828301},"point_estimate":-0.0037014178682196475,"standard_error":0.00020875668170155517}}