{"mean":{"confidence_interval":{"confidence_level":0.95,"lower_bound":0.001708797152642888,"upper_bound":0.0028830133096260755},"point_estimate":0.00232324365904768,"standard_error":0.00030143923739270155},"median":{"confidence_interval":{"confidence_level":0.95,"lower_bound":0.0019769704961192236,"upper_bound":0.0030750857692414257},"point_estimate":0.0025501067858964,"standard_error":0.00028078450594930043}}