{"mean":{"confidence_interval":{"confidence_level":0.95,"lower_bound":0.0025128278292712485,"upper_bound":0.016018728468876996},"point_estimate":0.009229243626305506,"standard_error":0.00344307666615919},"median":{"confidence_interval":{"confidence_level":0.95,"lower_bound":-0.0030844361368028705,"upper_bound":0.011698548759482024},"point_estimate":0.004377927794847469,"standard_error":0.0038626842905419316}}