{"mean":{"confidence_interval":{"confidence_level":0.95,"lower_bound":26.744660887531733,"upper_bound":26.85864390648142},"point_estimate":26.79889641116945,"standard_error":0.029075609831592134},"median":{"confidence_interval":{"confidence_level":0.95,"lower_bound":26.73503594604055,"upper_bound":26.837312992086883},"point_estimate":26.794326529590354,"standard_error":0.02507147089568531},"median_abs_dev":{"confidence_interval":{"confidence_level":0.95,"lower_bound":0.17734081440610935,"upper_bound":0.3012194586529724},"point_estimate":0.2379813826282907,"standard_error":0.03149892908094182},"slope":{"confidence_interval":{"confidence_level":0.95,"lower_bound":26.752843868482348,"upper_bound":26.838272007423726},"point_estimate":26.7949124469645,"standard_error":0.02172494617324917},"std_dev":{"confidence_interval":{"confidence_level":0.95,"lower_bound":0.21200693220977532,"upper_bound":0.3878433468972848},"point_estimate":0.2919999573590289,"standard_error":0.048285772090226935}}