{"mean":{"confidence_interval":{"confidence_level":0.95,"lower_bound":0.00463675136615448,"upper_bound":0.007529432675468182},"point_estimate":0.006044716613794465,"standard_error":0.0007315892875156848},"median":{"confidence_interval":{"confidence_level":0.95,"lower_bound":0.004152964414373184,"upper_bound":0.0076011563757203415},"point_estimate":0.005823172443469415,"standard_error":0.0008141416420498268}}