{"mean":{"confidence_interval":{"confidence_level":0.95,"lower_bound":-0.0028450026470640323,"upper_bound":-0.0018660577478936992},"point_estimate":-0.002352175859141603,"standard_error":0.0002498397632487043},"median":{"confidence_interval":{"confidence_level":0.95,"lower_bound":-0.0031434641720201606,"upper_bound":-0.0019428668663639126},"point_estimate":-0.0026445963127069705,"standard_error":0.00032068354512531933}}