{"mean":{"confidence_interval":{"confidence_level":0.95,"lower_bound":-0.010181438364862155,"upper_bound":-0.007914936679226962},"point_estimate":-0.009039439069222,"standard_error":0.0005800679288540449},"median":{"confidence_interval":{"confidence_level":0.95,"lower_bound":-0.009947824117307102,"upper_bound":-0.007401205851508941},"point_estimate":-0.00883625691874057,"standard_error":0.0006003747663336005}}