{"mean":{"confidence_interval":{"confidence_level":0.95,"lower_bound":317.7977101879604,"upper_bound":319.7824281840448},"point_estimate":318.6434595743123,"standard_error":0.5131171661520655},"median":{"confidence_interval":{"confidence_level":0.95,"lower_bound":317.80878693434227,"upper_bound":318.38285805672683},"point_estimate":318.1826201653374,"standard_error":0.16153069726879882},"median_abs_dev":{"confidence_interval":{"confidence_level":0.95,"lower_bound":1.108460847607985,"upper_bound":2.1608379943976965},"point_estimate":1.542691628381046,"standard_error":0.2652980514476312},"slope":{"confidence_interval":{"confidence_level":0.95,"lower_bound":317.92775413402046,"upper_bound":320.8305645868669},"point_estimate":319.0966287694556,"standard_error":0.7646766077167491},"std_dev":{"confidence_interval":{"confidence_level":0.95,"lower_bound":1.9245492150447148,"upper_bound":8.161785114766372},"point_estimate":5.179596870746551,"standard_error":1.7967561815716622}}