{"mean":{"confidence_interval":{"confidence_level":0.95,"lower_bound":-0.0033819473146313277,"upper_bound":0.0016221993414275993},"point_estimate":-0.001019258457501504,"standard_error":0.0012639376593312872},"median":{"confidence_interval":{"confidence_level":0.95,"lower_bound":-0.0039577736638888306,"upper_bound":0.0018775315235566303},"point_estimate":-0.0020633220016259557,"standard_error":0.0014510497946939119}}