{"mean":{"confidence_interval":{"confidence_level":0.95,"lower_bound":0.0033152060560115277,"upper_bound":0.00853084658858853},"point_estimate":0.005839393712170127,"standard_error":0.0013287081226890755},"median":{"confidence_interval":{"confidence_level":0.95,"lower_bound":0.0005733565030840992,"upper_bound":0.0031898839002559853},"point_estimate":0.0015570248488432359,"standard_error":0.0007099762386992127}}