{"mean":{"confidence_interval":{"confidence_level":0.95,"lower_bound":-0.04311860810474919,"upper_bound":-0.016317970081769273},"point_estimate":-0.02896631800282512,"standard_error":0.006850663813510716},"median":{"confidence_interval":{"confidence_level":0.95,"lower_bound":-0.017864695334269487,"upper_bound":-0.005017726348611085},"point_estimate":-0.011000445149501159,"standard_error":0.003159665342322844}}