{"mean":{"confidence_interval":{"confidence_level":0.95,"lower_bound":0.52805298993088,"upper_bound":0.5379039147283348},"point_estimate":0.5323446462578448,"standard_error":0.002466128111597985},"median":{"confidence_interval":{"confidence_level":0.95,"lower_bound":0.5278713516825727,"upper_bound":0.5369905080288229},"point_estimate":0.5281057731245142,"standard_error":0.002360162569472517},"median_abs_dev":{"confidence_interval":{"confidence_level":0.95,"lower_bound":0.000013626357943636011,"upper_bound":0.012438062920892322},"point_estimate":0.00035113982770188933,"standard_error":0.0025734092335371267},"slope":{"confidence_interval":{"confidence_level":0.95,"lower_bound":0.527952930852513,"upper_bound":0.5293175994684112},"point_estimate":0.5282891047640629,"standard_error":0.00037807325195341406},"std_dev":{"confidence_interval":{"confidence_level":0.95,"lower_bound":0.00014356466454062958,"upper_bound":0.010437397843241509},"point_estimate":0.008143695290783204,"standard_error":0.002524340763361102}}