{"mean":{"confidence_interval":{"confidence_level":0.95,"lower_bound":-0.0069868263769006485,"upper_bound":-0.0005635517085126833},"point_estimate":-0.003049763795316962,"standard_error":0.0017247546137912591},"median":{"confidence_interval":{"confidence_level":0.95,"lower_bound":-0.0018274247132865629,"upper_bound":-0.000981699535638314},"point_estimate":-0.0014834806186646565,"standard_error":0.00021832166408462415}}