{"mean":{"confidence_interval":{"confidence_level":0.95,"lower_bound":401906802.8835,"upper_bound":402256862.99325},"point_estimate":402052619.41,"standard_error":90803.65300303102},"median":{"confidence_interval":{"confidence_level":0.95,"lower_bound":401788742.5,"upper_bound":402052786.0},"point_estimate":401928084.0,"standard_error":62219.47628210114},"median_abs_dev":{"confidence_interval":{"confidence_level":0.95,"lower_bound":368992.44664907455,"upper_bound":545721.3287115097},"point_estimate":464792.8678482771,"standard_error":46242.94122958612},"slope":null,"std_dev":{"confidence_interval":{"confidence_level":0.95,"lower_bound":359754.2326704592,"upper_bound":1447534.577214087},"point_estimate":914225.9201487675,"standard_error":331825.5904223077}}