{"mean":{"confidence_interval":{"confidence_level":0.95,"lower_bound":0.964495805309126,"upper_bound":0.9668083560451807},"point_estimate":0.9655880006509402,"standard_error":0.0005880264610454617},"median":{"confidence_interval":{"confidence_level":0.95,"lower_bound":0.963969577294222,"upper_bound":0.9656458837544837},"point_estimate":0.9649663810606636,"standard_error":0.00039939990213905794},"median_abs_dev":{"confidence_interval":{"confidence_level":0.95,"lower_bound":0.0025566321769330664,"upper_bound":0.004152997527059635},"point_estimate":0.003192564246319853,"standard_error":0.00040533894095485645},"slope":{"confidence_interval":{"confidence_level":0.95,"lower_bound":0.9639439199919743,"upper_bound":0.9650192896742447},"point_estimate":0.9644732249467284,"standard_error":0.0002754870152350239},"std_dev":{"confidence_interval":{"confidence_level":0.95,"lower_bound":0.003900321978828746,"upper_bound":0.008104232524602026},"point_estimate":0.005925970607368895,"standard_error":0.0011217733022152435}}