{"mean":{"confidence_interval":{"confidence_level":0.95,"lower_bound":-0.026716722327589416,"upper_bound":-0.012122534383453261},"point_estimate":-0.019408894005227606,"standard_error":0.003682801006191997},"median":{"confidence_interval":{"confidence_level":0.95,"lower_bound":-0.030949331788312384,"upper_bound":-0.001798123753269043},"point_estimate":-0.014111989652317525,"standard_error":0.0072338983689086075}}