{"mean":{"confidence_interval":{"confidence_level":0.95,"lower_bound":0.003675232415576491,"upper_bound":0.008960165052027978},"point_estimate":0.0063262995716384385,"standard_error":0.0013739900511054847},"median":{"confidence_interval":{"confidence_level":0.95,"lower_bound":0.0027457978463649724,"upper_bound":0.008790625177028},"point_estimate":0.004685827118907637,"standard_error":0.0015148428430911912}}