{"mean":{"confidence_interval":{"confidence_level":0.95,"lower_bound":-0.0010544715999285692,"upper_bound":0.001358402246962659},"point_estimate":0.0000299981270803773,"standard_error":0.0006071947902034824},"median":{"confidence_interval":{"confidence_level":0.95,"lower_bound":-0.0006298287814922032,"upper_bound":-0.00007789283936962579},"point_estimate":-0.0003490307281420746,"standard_error":0.00013558496145242541}}