{"mean":{"confidence_interval":{"confidence_level":0.95,"lower_bound":184.00182045767545,"upper_bound":186.03776246131534},"point_estimate":185.03190958107427,"standard_error":0.5194899096364156},"median":{"confidence_interval":{"confidence_level":0.95,"lower_bound":184.17236051908213,"upper_bound":186.28953891871166},"point_estimate":184.89648132067245,"standard_error":0.5753881589909472},"median_abs_dev":{"confidence_interval":{"confidence_level":0.95,"lower_bound":4.136194629859353,"upper_bound":7.158894183619274},"point_estimate":5.403755196767991,"standard_error":0.7932071358920262},"slope":{"confidence_interval":{"confidence_level":0.95,"lower_bound":183.3490033273337,"upper_bound":185.22391060121512},"point_estimate":184.28905774232766,"standard_error":0.477770195215467},"std_dev":{"confidence_interval":{"confidence_level":0.95,"lower_bound":4.482432622878065,"upper_bound":5.909039886660473},"point_estimate":5.222428668590958,"standard_error":0.3650871177747165}}