{"mean":{"confidence_interval":{"confidence_level":0.95,"lower_bound":-0.08844020692461779,"upper_bound":-0.08039056311521263},"point_estimate":-0.08437617379555262,"standard_error":0.002039335044710345},"median":{"confidence_interval":{"confidence_level":0.95,"lower_bound":-0.08557130045246097,"upper_bound":-0.08013984036802371},"point_estimate":-0.08230886172828467,"standard_error":0.0013440594613925096}}