{"mean":{"confidence_interval":{"confidence_level":0.95,"lower_bound":14.978036497586448,"upper_bound":15.065913132682784},"point_estimate":15.022593266470302,"standard_error":0.022401996061286695},"median":{"confidence_interval":{"confidence_level":0.95,"lower_bound":15.025569869923466,"upper_bound":15.103335139742068},"point_estimate":15.062723386693726,"standard_error":0.020214940915970436},"median_abs_dev":{"confidence_interval":{"confidence_level":0.95,"lower_bound":0.13043992979809801,"upper_bound":0.24245727860241514},"point_estimate":0.19247165292042845,"standard_error":0.029147968970898518},"slope":{"confidence_interval":{"confidence_level":0.95,"lower_bound":15.035222667524726,"upper_bound":15.128736017596946},"point_estimate":15.082287290449777,"standard_error":0.02374334335551796},"std_dev":{"confidence_interval":{"confidence_level":0.95,"lower_bound":0.18602162535365155,"upper_bound":0.26216303682565323},"point_estimate":0.22635633743959044,"standard_error":0.01942201683922946}}