{"mean":{"confidence_interval":{"confidence_level":0.95,"lower_bound":0.0029411398094649046,"upper_bound":0.004906933516464157},"point_estimate":0.003897079760007305,"standard_error":0.0005060078457280448},"median":{"confidence_interval":{"confidence_level":0.95,"lower_bound":0.0027551543370629705,"upper_bound":0.004360316725788627},"point_estimate":0.0034481902361234162,"standard_error":0.0004256905138460263}}