{"mean":{"confidence_interval":{"confidence_level":0.95,"lower_bound":-0.000045724648052283634,"upper_bound":0.001157658885145868},"point_estimate":0.0005359878082993319,"standard_error":0.0003031503231457523},"median":{"confidence_interval":{"confidence_level":0.95,"lower_bound":0.000413322167900132,"upper_bound":0.0014566713371388929},"point_estimate":0.0007987675503118297,"standard_error":0.00028566900174391643}}