{"mean":{"confidence_interval":{"confidence_level":0.95,"lower_bound":-0.0036456458173027588,"upper_bound":-0.0009190127039383416},"point_estimate":-0.0023099648705746656,"standard_error":0.0006972643552492948},"median":{"confidence_interval":{"confidence_level":0.95,"lower_bound":-0.003885475907164533,"upper_bound":-0.0012025898043079852},"point_estimate":-0.0025901918232211774,"standard_error":0.0006983296597135543}}