{"mean":{"confidence_interval":{"confidence_level":0.95,"lower_bound":0.001556653240212258,"upper_bound":0.0036690957205196104},"point_estimate":0.0026072794426641455,"standard_error":0.0005400640838778665},"median":{"confidence_interval":{"confidence_level":0.95,"lower_bound":0.0020411075937543286,"upper_bound":0.003714914702506622},"point_estimate":0.0029650728985632924,"standard_error":0.0004408259609419627}}