{"mean":{"confidence_interval":{"confidence_level":0.95,"lower_bound":-0.0022728318494065203,"upper_bound":0.0007245890922114803},"point_estimate":-0.0007711197680354553,"standard_error":0.0007674362940365389},"median":{"confidence_interval":{"confidence_level":0.95,"lower_bound":-0.0016245055645078832,"upper_bound":0.0006440757053371016},"point_estimate":-0.00040879744034272303,"standard_error":0.0005778347771793511}}