{"mean":{"confidence_interval":{"confidence_level":0.95,"lower_bound":-0.0010516101547799722,"upper_bound":-0.0003208308959999823},"point_estimate":-0.0006802968510544183,"standard_error":0.00018636978208192784},"median":{"confidence_interval":{"confidence_level":0.95,"lower_bound":-0.0010259957207682656,"upper_bound":-0.000391782509385763},"point_estimate":-0.0007079283173891948,"standard_error":0.00015728367095250035}}