{"mean":{"confidence_interval":{"confidence_level":0.95,"lower_bound":0.025350902576832004,"upper_bound":0.045938127636467416},"point_estimate":0.03556037208254592,"standard_error":0.0052728249396973076},"median":{"confidence_interval":{"confidence_level":0.95,"lower_bound":0.00980120608041557,"upper_bound":0.017655593936122375},"point_estimate":0.013872173433207458,"standard_error":0.002278703960133975}}