{"mean":{"confidence_interval":{"confidence_level":0.95,"lower_bound":0.0014844724919702665,"upper_bound":0.026027544499267325},"point_estimate":0.01341157330317233,"standard_error":0.006240059763825519},"median":{"confidence_interval":{"confidence_level":0.95,"lower_bound":0.010778572100844527,"upper_bound":0.042781864108175416},"point_estimate":0.029660615258883194,"standard_error":0.008383693967539223}}