{"mean":{"confidence_interval":{"confidence_level":0.95,"lower_bound":-0.009041917754234487,"upper_bound":-0.0029778626635580787},"point_estimate":-0.005948950397204111,"standard_error":0.0015424448292307245},"median":{"confidence_interval":{"confidence_level":0.95,"lower_bound":-0.0030302005479160288,"upper_bound":-0.0006702334547827871},"point_estimate":-0.001431466176354368,"standard_error":0.0006092313596559402}}