{"mean":{"confidence_interval":{"confidence_level":0.95,"lower_bound":-0.026241970944509117,"upper_bound":-0.011615449167834122},"point_estimate":-0.018598938639251217,"standard_error":0.00373060704178554},"median":{"confidence_interval":{"confidence_level":0.95,"lower_bound":-0.004685148340894396,"upper_bound":-0.0008048875377876241},"point_estimate":-0.002556543626430541,"standard_error":0.0010560672785611465}}