{"mean":{"confidence_interval":{"confidence_level":0.95,"lower_bound":0.0004796628511797519,"upper_bound":0.0014722911860687688},"point_estimate":0.0009777322819144452,"standard_error":0.0002556308551979217},"median":{"confidence_interval":{"confidence_level":0.95,"lower_bound":0.0002506199131374355,"upper_bound":0.0014058405271897279},"point_estimate":0.000978557114532208,"standard_error":0.0002984119234836154}}