{"mean":{"confidence_interval":{"confidence_level":0.95,"lower_bound":-0.008585369491643718,"upper_bound":-0.004098541568185898},"point_estimate":-0.006168249935378234,"standard_error":0.0011457769289109738},"median":{"confidence_interval":{"confidence_level":0.95,"lower_bound":-0.007550170489844743,"upper_bound":-0.004168609988368099},"point_estimate":-0.005592736229426243,"standard_error":0.0008136061117691929}}