{"mean":{"confidence_interval":{"confidence_level":0.95,"lower_bound":0.0023526179402267424,"upper_bound":0.0066261119787778084},"point_estimate":0.004496470703272637,"standard_error":0.0010893255420483668},"median":{"confidence_interval":{"confidence_level":0.95,"lower_bound":0.0003538475057383028,"upper_bound":0.007620723299466059},"point_estimate":0.0047303381879229,"standard_error":0.0019582209792421523}}