{"mean":{"confidence_interval":{"confidence_level":0.95,"lower_bound":-0.0005491111224729891,"upper_bound":0.002119832109244418},"point_estimate":0.0006659236303616645,"standard_error":0.0006858721439267386},"median":{"confidence_interval":{"confidence_level":0.95,"lower_bound":-0.0011064642875976416,"upper_bound":0.0015142349683119338},"point_estimate":0.0005409506514053586,"standard_error":0.0007167593850791402}}