{"mean":{"confidence_interval":{"confidence_level":0.95,"lower_bound":789.5558649238957,"upper_bound":790.2946092869984},"point_estimate":789.9285553834791,"standard_error":0.18910611779632772},"median":{"confidence_interval":{"confidence_level":0.95,"lower_bound":789.6839832828283,"upper_bound":790.5196906666666},"point_estimate":790.0235358241757,"standard_error":0.19603858311430894},"median_abs_dev":{"confidence_interval":{"confidence_level":0.95,"lower_bound":1.201673435225382,"upper_bound":2.1123496127555366},"point_estimate":1.715731150918937,"standard_error":0.23318473494949368},"slope":{"confidence_interval":{"confidence_level":0.95,"lower_bound":790.1026374781346,"upper_bound":790.7480283213293},"point_estimate":790.4298060871878,"standard_error":0.16495091437447423},"std_dev":{"confidence_interval":{"confidence_level":0.95,"lower_bound":1.5819067181523991,"upper_bound":2.202460445565571},"point_estimate":1.9029777856296335,"standard_error":0.15800847505275634}}