{"mean":{"confidence_interval":{"confidence_level":0.95,"lower_bound":0.08808242397379808,"upper_bound":0.09136111982695061},"point_estimate":0.08975220264579264,"standard_error":0.0008392397846855646},"median":{"confidence_interval":{"confidence_level":0.95,"lower_bound":0.08719516353651713,"upper_bound":0.09023072089556099},"point_estimate":0.08880785388777435,"standard_error":0.0007600465258989631}}