{"mean":{"confidence_interval":{"confidence_level":0.95,"lower_bound":-0.0010139147008246664,"upper_bound":0.004098432934721469},"point_estimate":0.0012307965455289338,"standard_error":0.0013050082794370534},"median":{"confidence_interval":{"confidence_level":0.95,"lower_bound":-0.002399308588438509,"upper_bound":0.0020530182414159105},"point_estimate":0.00014574207721573806,"standard_error":0.0011580297625265084}}