{"mean":{"confidence_interval":{"confidence_level":0.95,"lower_bound":-0.0032118183838750146,"upper_bound":0.001365956895827706},"point_estimate":-0.0009622035144292163,"standard_error":0.001166523401062555},"median":{"confidence_interval":{"confidence_level":0.95,"lower_bound":-0.002780634284879069,"upper_bound":0.0003905073143342097},"point_estimate":-0.0012706647698149665,"standard_error":0.0008290639436214524}}