{"mean":{"confidence_interval":{"confidence_level":0.95,"lower_bound":382320269.05925,"upper_bound":383465294.359},"point_estimate":382813527.28,"standard_error":296251.76218165096},"median":{"confidence_interval":{"confidence_level":0.95,"lower_bound":381810997.0,"upper_bound":382346040.0},"point_estimate":382080273.0,"standard_error":158333.65943236963},"median_abs_dev":{"confidence_interval":{"confidence_level":0.95,"lower_bound":567270.919328928,"upper_bound":1088833.281469345},"point_estimate":796050.921267271,"standard_error":131213.33469736704},"slope":null,"std_dev":{"confidence_interval":{"confidence_level":0.95,"lower_bound":1286484.535067381,"upper_bound":4594826.722831801},"point_estimate":2979735.958369751,"standard_error":990593.3405597378}}