{"mean":{"confidence_interval":{"confidence_level":0.95,"lower_bound":-0.005719169571797811,"upper_bound":-0.0018050886796616597},"point_estimate":-0.0036142645188752542,"standard_error":0.0009996044147692947},"median":{"confidence_interval":{"confidence_level":0.95,"lower_bound":-0.0032318200696332955,"upper_bound":-0.0004056503627294372},"point_estimate":-0.0016254736204334153,"standard_error":0.0008022129041346643}}