{"mean":{"confidence_interval":{"confidence_level":0.95,"lower_bound":0.005018905134004176,"upper_bound":0.010870481581761226},"point_estimate":0.007360432983072096,"standard_error":0.0015199186564630821},"median":{"confidence_interval":{"confidence_level":0.95,"lower_bound":0.004694501413781706,"upper_bound":0.007253094318410147},"point_estimate":0.006283947430215875,"standard_error":0.0006145889972326452}}