{"mean":{"confidence_interval":{"confidence_level":0.95,"lower_bound":-0.006104878100211219,"upper_bound":-0.0013357543926356828},"point_estimate":-0.0034978478160690996,"standard_error":0.0012315302934407413},"median":{"confidence_interval":{"confidence_level":0.95,"lower_bound":-0.006149481127148082,"upper_bound":-0.0002269565297490228},"point_estimate":-0.0018071806244732702,"standard_error":0.001354992449162481}}