{"mean":{"confidence_interval":{"confidence_level":0.95,"lower_bound":20298183.77058333,"upper_bound":20314068.61716667},"point_estimate":20305944.000000004,"standard_error":4072.5791097091133},"median":{"confidence_interval":{"confidence_level":0.95,"lower_bound":20290871.666666668,"upper_bound":20303407.333333332},"point_estimate":20296973.5,"standard_error":3257.1563665473227},"median_abs_dev":{"confidence_interval":{"confidence_level":0.95,"lower_bound":22898.756593465805,"upper_bound":41828.09885740188},"point_estimate":34745.71878313926,"standard_error":4939.970427777472},"slope":null,"std_dev":{"confidence_interval":{"confidence_level":0.95,"lower_bound":33652.85748711191,"upper_bound":46756.07166282833},"point_estimate":40672.925132844335,"standard_error":3352.82225595602}}