{"mean":{"confidence_interval":{"confidence_level":0.95,"lower_bound":13.65051451954874,"upper_bound":13.737210400812904},"point_estimate":13.693076191553955,"standard_error":0.022061072572171558},"median":{"confidence_interval":{"confidence_level":0.95,"lower_bound":13.703272427782323,"upper_bound":13.724577249096965},"point_estimate":13.715515987595586,"standard_error":0.0062183475047931465},"median_abs_dev":{"confidence_interval":{"confidence_level":0.95,"lower_bound":0.07309641114228756,"upper_bound":0.20060539287186127},"point_estimate":0.13056571721874477,"standard_error":0.030374361952107225},"slope":{"confidence_interval":{"confidence_level":0.95,"lower_bound":13.71951085271923,"upper_bound":13.792030229044666},"point_estimate":13.754153594323482,"standard_error":0.018462420684939092},"std_dev":{"confidence_interval":{"confidence_level":0.95,"lower_bound":0.16984263443140804,"upper_bound":0.2721112096391423},"point_estimate":0.222253032938343,"standard_error":0.02623741225618334}}