{"mean":{"confidence_interval":{"confidence_level":0.95,"lower_bound":19330874.500666667,"upper_bound":19345812.142750006},"point_estimate":19338261.50333334,"standard_error":3804.3856755596894},"median":{"confidence_interval":{"confidence_level":0.95,"lower_bound":19324344.0,"upper_bound":19344423.666666668},"point_estimate":19337478.333333332,"standard_error":5057.334505891441},"median_abs_dev":{"confidence_interval":{"confidence_level":0.95,"lower_bound":30425.422459839854,"upper_bound":45450.83189308551},"point_estimate":38623.70611429307,"standard_error":3858.7245546245395},"slope":null,"std_dev":{"confidence_interval":{"confidence_level":0.95,"lower_bound":32893.901125318895,"upper_bound":43062.28861792896},"point_estimate":38280.40594415288,"standard_error":2590.6915889369798}}