{"mean":{"confidence_interval":{"confidence_level":0.95,"lower_bound":0.020117434153691428,"upper_bound":0.02800907362068095},"point_estimate":0.024248942874636636,"standard_error":0.0020237076761073455},"median":{"confidence_interval":{"confidence_level":0.95,"lower_bound":0.02714253545774703,"upper_bound":0.02947629465679258},"point_estimate":0.02821909314316695,"standard_error":0.0006025222805429303}}