{"mean":{"confidence_interval":{"confidence_level":0.95,"lower_bound":0.000532402077048272,"upper_bound":0.004316308718956851},"point_estimate":0.0023577751933530067,"standard_error":0.0009589548097640525},"median":{"confidence_interval":{"confidence_level":0.95,"lower_bound":-0.0001054725545253099,"upper_bound":0.004240029765570474},"point_estimate":0.0017549769288638384,"standard_error":0.0011430934385275693}}