{"mean":{"confidence_interval":{"confidence_level":0.95,"lower_bound":0.014940695025909856,"upper_bound":0.017247766407494196},"point_estimate":0.0160559095956041,"standard_error":0.0005796593808833358},"median":{"confidence_interval":{"confidence_level":0.95,"lower_bound":0.014779306831485428,"upper_bound":0.01797005512096539},"point_estimate":0.016818280887084258,"standard_error":0.000813830106243698}}