{"mean":{"confidence_interval":{"confidence_level":0.95,"lower_bound":-0.0016406641369954762,"upper_bound":-0.0011433647400187763},"point_estimate":-0.0013923249901719448,"standard_error":0.0001270252520557006},"median":{"confidence_interval":{"confidence_level":0.95,"lower_bound":-0.0018522640018402425,"upper_bound":-0.0012837261441186465},"point_estimate":-0.0016326269164748108,"standard_error":0.00016852163611536013}}