{"mean":{"confidence_interval":{"confidence_level":0.95,"lower_bound":-0.04778659529803242,"upper_bound":-0.03256107216244803},"point_estimate":-0.039639339091168235,"standard_error":0.003906756271726564},"median":{"confidence_interval":{"confidence_level":0.95,"lower_bound":-0.03540750223288955,"upper_bound":-0.027711322966507135},"point_estimate":-0.031051028975134898,"standard_error":0.001999025919280967}}