{"mean":{"confidence_interval":{"confidence_level":0.95,"lower_bound":0.036537859368495754,"upper_bound":0.03997931617250785},"point_estimate":0.038249514357366454,"standard_error":0.000882628204333834},"median":{"confidence_interval":{"confidence_level":0.95,"lower_bound":0.036765858755187786,"upper_bound":0.0406873520625588},"point_estimate":0.03930437807041898,"standard_error":0.0010836800255040382}}