{"mean":{"confidence_interval":{"confidence_level":0.95,"lower_bound":-0.005132787178402259,"upper_bound":-0.0024539272938444243},"point_estimate":-0.00375178714367852,"standard_error":0.000681198212759072},"median":{"confidence_interval":{"confidence_level":0.95,"lower_bound":-0.0050946277609106305,"upper_bound":-0.002473443043856882},"point_estimate":-0.004064592248711696,"standard_error":0.0006868129540912878}}